INSERT [dbo].[UserInfo] ([UserID], [PIN], [FullName], [UserName], [Password], [RoleID], [DepartmentID], [WingID], [SupervisorUserID], [IsActive], [Designation], [Email], [PasswordSalt], [SaltedHash], [BranchId], [HomeAddress], [HomePhone], [OfficePhone], [MobileNumber], [OfficeAddress], [ThemeName], [ProductTitle], [IsLocked], [LastLockoutDate], [IsApproved], [CreateDate], [LastLoginDate], [FailedPasswordAttemptCount], [FailedPasswordAttemptWindowStart], [LastPasswordChangedDate], [Gender], [CreatedBy], [ApprovedBy], [ApprovedDate], [DepartmentType], [Zone], [Territory], [Unit], [CRMCenter], [ROCName]) 
VALUES (23, N'2970', N'Ashfak Shaon', N'Asad2970', N'dB0Uj7mX3wU=', 1856, 227, 0, 0, 1, N'', N'123@bracbank.com', N'-1679505561', N'?+V(??b??gW?? ?????', NULL, NULL, NULL, NULL, NULL, NULL, NULL, NULL, 0, NULL, 1, NULL, CAST(0x0000A395010B7A88 AS DateTime), 1, CAST(0x0000A39300DAD62C AS DateTime), NULL, NULL, NULL, NULL, NULL, NULL, NULL, NULL, NULL, NULL, N'0')



INSERT [dbo].[UserInfo] ([FullName], [UserName], [Password],[RoleID], [IsActive], [Designation],[Email], [PasswordSalt], [SaltedHash],
[BranchId], [IsLocked],[IsApproved], [DepartmentID], [WingID], [SupervisorUserID]) VALUES 
(N'BSSO_USER1', N'BSSO_USER1', N'dB0Uj7mX3wU=', 125,1, N'BSSO_OFFICER', N'bssouser1@bracbank.com', N'-1679505561', N'?+V(?b??gW? ????', 12, 0, 1, 1, 4, 1)



INSERT [dbo].[UserInfo] ([FullName], [UserName], [Password],[RoleID], [IsActive], [Designation],[Email], [PasswordSalt], [SaltedHash],
[BranchId], [IsLocked],[IsApproved], [DepartmentID], [WingID], [SupervisorUserID]) VALUES 
(N'BSSO_USER2', N'BSSO_USER2', N'dB0Uj7mX3wU=', 125,1, N'BSSO_OFFICER', N'bssouser2@bracbank.com', N'-1679505561', N'?+V(?b??gW? ????', 12, 0, 1, 1, 4, 1)


INSERT [dbo].[UserInfo] ([FullName], [UserName], [Password],[RoleID], [IsActive], [Designation],[Email], [PasswordSalt], [SaltedHash],
[BranchId], [IsLocked],[IsApproved], [DepartmentID], [WingID], [SupervisorUserID]) VALUES 
(N'CCSO_USER1', N'CCSO_USER1', N'dB0Uj7mX3wU=', 126,1, N'CCSO_OFFICER', N'ccsouser1@bracbank.com', N'-1679505561', N'?+V(?b??gW? ????', 12, 0, 1, 1, 4, 1)


INSERT [dbo].[UserInfo] ([FullName], [UserName], [Password],[RoleID], [IsActive], [Designation],[Email], [PasswordSalt], [SaltedHash],
[BranchId], [IsLocked],[IsApproved], [DepartmentID], [WingID], [SupervisorUserID]) VALUES 
(N'CCSO_USER2', N'CCSO_USER2', N'dB0Uj7mX3wU=', 126,1, N'CCSO_OFFICER', N'ccsouser2@bracbank.com', N'-1679505561', N'?+V(?b??gW? ????', 12, 0, 1, 1, 4, 1)


INSERT [dbo].[UserInfo] ([FullName], [UserName], [Password],[RoleID], [IsActive], [Designation],[Email], [PasswordSalt], [SaltedHash],
[BranchId], [IsLocked],[IsApproved], [DepartmentID], [WingID], [SupervisorUserID]) VALUES 
(N'BSSO_USER3', N'BSSO_USER3', N'dB0Uj7mX3wU=', 125,1, N'BSSO_OFFICER', N'bssouser3@bracbank.com', N'-1679505561', N'?+V(?b??gW? ????', 24, 0, 1, 1, 4, 1)


INSERT [dbo].[UserInfo] ([FullName], [UserName], [Password],[RoleID], [IsActive], [Designation],[Email], [PasswordSalt], [SaltedHash],
[BranchId], [IsLocked],[IsApproved], [DepartmentID], [WingID], [SupervisorUserID]) VALUES 
(N'CCSO_USER3', N'CCSO_USER3', N'dB0Uj7mX3wU=', 126,1, N'CCSO_OFFICER', N'ccsouser3@bracbank.com', N'-1679505561', N'?+V(?b??gW? ????', 24, 0, 1, 1, 4, 1)


INSERT [dbo].[UserInfo] ([FullName], [UserName], [Password],[RoleID], [IsActive], [Designation],[Email], [PasswordSalt], [SaltedHash],
[BranchId], [IsLocked],[IsApproved], [DepartmentID], [WingID], [SupervisorUserID]) VALUES 
(N'BSSO_USER4', N'BSSO_USER4', N'dB0Uj7mX3wU=', 125,1, N'BSSO_OFFICER', N'bssouser4@bracbank.com', N'-1679505561', N'?+V(?b??gW? ????', 16, 0, 1, 1, 4, 1)

INSERT [dbo].[UserInfo] ([FullName], [UserName], [Password],[RoleID], [IsActive], [Designation],[Email], [PasswordSalt], [SaltedHash],
[BranchId], [IsLocked],[IsApproved], [DepartmentID], [WingID], [SupervisorUserID]) VALUES 
(N'CCSO_USER4', N'CCSO_USER4', N'dB0Uj7mX3wU=', 126,1, N'CCSO_OFFICER', N'ccsouser4@bracbank.com', N'-1679505561', N'?+V(?b??gW? ????', 16, 0, 1, 1, 4, 1)


INSERT [dbo].[UserInfo] ([FullName], [UserName], [Password],[RoleID], [IsActive], [Designation],[Email], [PasswordSalt], [SaltedHash],
[BranchId], [IsLocked],[IsApproved], [DepartmentID], [WingID], [SupervisorUserID]) VALUES 
(N'BM_SME_1', N'BM_SME_1', N'dB0Uj7mX3wU=', 127,1, N'BRANCH_MANAGER', N'branchmanager1@bracbank.com', N'-1679505561', N'?+V(?b??gW? ????', 12, 0, 1, 1, 4, 1)


INSERT [dbo].[UserInfo] ([FullName], [UserName], [Password],[RoleID], [IsActive], [Designation],[Email], [PasswordSalt], [SaltedHash],
[BranchId], [IsLocked],[IsApproved], [DepartmentID], [WingID], [SupervisorUserID]) VALUES 
(N'BM_SME_2', N'BM_SME_2', N'dB0Uj7mX3wU=', 127,1, N'BRANCH_MANAGER', N'branchmanager2@bracbank.com', N'-1679505561', N'?+V(?b??gW? ????', 24, 0, 1, 1, 4, 1)


INSERT [dbo].[UserInfo] ([FullName], [UserName], [Password],[RoleID], [IsActive], [Designation],[Email], [PasswordSalt], [SaltedHash],
[BranchId], [IsLocked],[IsApproved], [DepartmentID], [WingID], [SupervisorUserID]) VALUES 
(N'BM_SME_3', N'BM_SME_3', N'dB0Uj7mX3wU=', 127,1, N'BRANCH_MANAGER', N'branchmanager3@bracbank.com', N'-1679505561', N'?+V(?b??gW? ????', 16, 0, 1, 1, 4, 1)


INSERT [dbo].[UserInfo] ([FullName], [UserName], [Password],[RoleID], [IsActive], [Designation],[Email], [PasswordSalt], [SaltedHash],
[Zone], [IsLocked],[IsApproved], [DepartmentID], [WingID], [SupervisorUserID]) VALUES 
(N'RM_SME_1', N'RM_SME_1', N'dB0Uj7mX3wU=', 128,1, N'REGION_MANAGER', N'regionmanager1@bracbank.com', N'-1679505561', N'?+V(?b??gW? ????', 'DHAR1', 0, 1, 1, 4, 1)


INSERT [dbo].[UserInfo] ([FullName], [UserName], [Password],[RoleID], [IsActive], [Designation],[Email], [PasswordSalt], [SaltedHash],
[Zone], [IsLocked],[IsApproved], [DepartmentID], [WingID], [SupervisorUserID]) VALUES 
(N'RM_SME_2', N'RM_SME_2', N'dB0Uj7mX3wU=', 128,1, N'REGION_MANAGER', N'regionmanager2@bracbank.com', N'-1679505561', N'?+V(?b??gW? ????', 'CHIR0', 0, 1, 1, 4, 1)


INSERT [dbo].[UserInfo] ([FullName], [UserName], [Password],[RoleID], [IsActive], [Designation],[Email], [PasswordSalt], [SaltedHash],
[IsLocked],[IsApproved], [DepartmentID], [WingID], [SupervisorUserID]) VALUES 
(N'HEAD_OF_SME', N'HEAD_OF_SME', N'dB0Uj7mX3wU=', 129,1, N'HEAD_OF_SME', N'headofsme@bracbank.com', N'-1679505561', N'?+V(?b??gW? ????', 0, 1, 1, 4, 1)


INSERT [dbo].[UserInfo] ([FullName], [UserName], [Password],[RoleID], [IsActive], [Designation],[Email], [PasswordSalt], [SaltedHash],
[IsLocked],[IsApproved], [DepartmentID], [WingID], [SupervisorUserID]) VALUES 
(N'ADMIN_MAKER', N'ADMIN_MAKER', N'dB0Uj7mX3wU=', 130,1, N'ADMIN_MAKER', N'adminmaker@bracbank.com', N'-1679505561', N'?+V(?b??gW? ????', 0, 1, 1, 4, 1)


INSERT [dbo].[UserInfo] ([FullName], [UserName], [Password],[RoleID], [IsActive], [Designation],[Email], [PasswordSalt], [SaltedHash],
[IsLocked],[IsApproved], [DepartmentID], [WingID], [SupervisorUserID]) VALUES 
(N'ADMIN_CHECKER', N'ADMIN_CHECKER', N'dB0Uj7mX3wU=', 131,1, N'ADMIN_CHECKER', N'adminchecker@bracbank.com', N'-1679505561', N'?+V(?b??gW? ????', 0, 1, 1, 4, 1)



HEAD_OF_SME=8760
RM_SME_2=8759
RM_SME_1=8758
BM_SME_3=8757
BM_SME_2=8756
BM_SME_1=8755
CCSO_USER4=8754
CCSO_USER3=8752
CCSO_USER2=8750
CCSO_USER1=8749
BSSO_USER1=8747
BSSO_USER2=8748
BSSO_USER3=8751
BSSO_USER4=8753
ADMIN_MAKER=8761
ADMIN_CHECKER=8762


INSERT [dbo].[UsersInRoles] ([UserID], [RoleID]) VALUES (8760, 129)
INSERT [dbo].[UsersInRoles] ([UserID], [RoleID]) VALUES (8759, 128)
INSERT [dbo].[UsersInRoles] ([UserID], [RoleID]) VALUES (8758, 128)
INSERT [dbo].[UsersInRoles] ([UserID], [RoleID]) VALUES (8757, 127)
INSERT [dbo].[UsersInRoles] ([UserID], [RoleID]) VALUES (8756, 127)
INSERT [dbo].[UsersInRoles] ([UserID], [RoleID]) VALUES (8755, 127)
INSERT [dbo].[UsersInRoles] ([UserID], [RoleID]) VALUES (8754, 126)
INSERT [dbo].[UsersInRoles] ([UserID], [RoleID]) VALUES (8752, 126)
INSERT [dbo].[UsersInRoles] ([UserID], [RoleID]) VALUES (8750, 126)
INSERT [dbo].[UsersInRoles] ([UserID], [RoleID]) VALUES (8749, 126)
INSERT [dbo].[UsersInRoles] ([UserID], [RoleID]) VALUES (8747, 125)
INSERT [dbo].[UsersInRoles] ([UserID], [RoleID]) VALUES (8748, 125)
INSERT [dbo].[UsersInRoles] ([UserID], [RoleID]) VALUES (8751, 125)
INSERT [dbo].[UsersInRoles] ([UserID], [RoleID]) VALUES (8753, 125)
INSERT [dbo].[UsersInRoles] ([UserID], [RoleID]) VALUES (8761, 130)
INSERT [dbo].[UsersInRoles] ([UserID], [RoleID]) VALUES (8762, 131)



INSERT [dbo].[PermissionsCriteria] ([PermissionID], [PermissionName], [ViewOrder], [DisplayInPermissionManagement], [ModuleID]) VALUES (673, N'sdm.TaskTypeManagement.create', 1, 1, 71)
INSERT [dbo].[PermissionsCriteria] ([PermissionID], [PermissionName], [ViewOrder], [DisplayInPermissionManagement], [ModuleID]) VALUES (674, N'sdm.TaskTypeManagement.view', 1, 1, 71)
INSERT [dbo].[PermissionsCriteria] ([PermissionID], [PermissionName], [ViewOrder], [DisplayInPermissionManagement], [ModuleID]) VALUES (675, N'sdm.TaskTypeManagement.update', 1, 1, 71)
INSERT [dbo].[PermissionsCriteria] ([PermissionID], [PermissionName], [ViewOrder], [DisplayInPermissionManagement], [ModuleID]) VALUES (676, N'sdm.TaskTypeManagement.approve', 1, 1, 71)
INSERT [dbo].[PermissionsCriteria] ([PermissionID], [PermissionName], [ViewOrder], [DisplayInPermissionManagement], [ModuleID]) VALUES (677, N'sdm.ReportManagement.serviceDetailedReport', 1, 1, 71)
INSERT [dbo].[PermissionsCriteria] ([PermissionID], [PermissionName], [ViewOrder], [DisplayInPermissionManagement], [ModuleID]) VALUES (678, N'sdm.ReportManagement.pendingTokenReport', 1, 1, 71)
INSERT [dbo].[PermissionsCriteria] ([PermissionID], [PermissionName], [ViewOrder], [DisplayInPermissionManagement], [ModuleID]) VALUES (679, N'sdm.ReportManagement.serviceWiseReport', 1, 1, 71)
INSERT [dbo].[PermissionsCriteria] ([PermissionID], [PermissionName], [ViewOrder], [DisplayInPermissionManagement], [ModuleID]) VALUES (680, N'sdm.ReportManagement.counterWiseSummary', 1, 1, 71)
INSERT [dbo].[PermissionsCriteria] ([PermissionID], [PermissionName], [ViewOrder], [DisplayInPermissionManagement], [ModuleID]) VALUES (681, N'sdm.ReportManagement.ccsoTransactionReport', 1, 1, 71)
INSERT [dbo].[PermissionsCriteria] ([PermissionID], [PermissionName], [ViewOrder], [DisplayInPermissionManagement], [ModuleID]) VALUES (682, N'sdm.ReportManagement.liveInterfaceView', 1, 1, 71)
INSERT [dbo].[PermissionsCriteria] ([PermissionID], [PermissionName], [ViewOrder], [DisplayInPermissionManagement], [ModuleID]) VALUES (683, N'sdm.ReportManagement.userSummaryProfile', 1, 1, 71)
INSERT [dbo].[PermissionsCriteria] ([PermissionID], [PermissionName], [ViewOrder], [DisplayInPermissionManagement], [ModuleID]) VALUES (684, N'sdm.ReportManagement.detailedTokenReport', 1, 1, 71)
INSERT [dbo].[PermissionsCriteria] ([PermissionID], [PermissionName], [ViewOrder], [DisplayInPermissionManagement], [ModuleID]) VALUES (685, N'sdm.ReportManagement.breakReport', 1, 1, 71)
INSERT [dbo].[PermissionsCriteria] ([PermissionID], [PermissionName], [ViewOrder], [DisplayInPermissionManagement], [ModuleID]) VALUES (686, N'sdm.CardManagement.create', 1, 1, 71)
INSERT [dbo].[PermissionsCriteria] ([PermissionID], [PermissionName], [ViewOrder], [DisplayInPermissionManagement], [ModuleID]) VALUES (687, N'sdm.CardManagement.view', 1, 1, 71)
INSERT [dbo].[PermissionsCriteria] ([PermissionID], [PermissionName], [ViewOrder], [DisplayInPermissionManagement], [ModuleID]) VALUES (688, N'sdm.CardManagement.update', 1, 1, 71)
INSERT [dbo].[PermissionsCriteria] ([PermissionID], [PermissionName], [ViewOrder], [DisplayInPermissionManagement], [ModuleID]) VALUES (689, N'sdm.CardManagement.approve', 1, 1, 71)
INSERT [dbo].[PermissionsCriteria] ([PermissionID], [PermissionName], [ViewOrder], [DisplayInPermissionManagement], [ModuleID]) VALUES (690, N'sdm.CustomerAndTaskManagement.homepage', 1, 1, 71)
INSERT [dbo].[PermissionsCriteria] ([PermissionID], [PermissionName], [ViewOrder], [DisplayInPermissionManagement], [ModuleID]) VALUES (693, N'sdm.CategoryManagement.create', 1, 1, 71)
INSERT [dbo].[PermissionsCriteria] ([PermissionID], [PermissionName], [ViewOrder], [DisplayInPermissionManagement], [ModuleID]) VALUES (694, N'sdm.CategoryManagement.view', 1, 1, 71)
INSERT [dbo].[PermissionsCriteria] ([PermissionID], [PermissionName], [ViewOrder], [DisplayInPermissionManagement], [ModuleID]) VALUES (695, N'sdm.CategoryManagement.update', 1, 1, 71)
INSERT [dbo].[PermissionsCriteria] ([PermissionID], [PermissionName], [ViewOrder], [DisplayInPermissionManagement], [ModuleID]) VALUES (696, N'sdm.CategoryManagement.approve', 1, 1, 71)
INSERT [dbo].[PermissionsCriteria] ([PermissionID], [PermissionName], [ViewOrder], [DisplayInPermissionManagement], [ModuleID]) VALUES (697, N'sdm.RegionManagement.create', 1, 1, 71)
INSERT [dbo].[PermissionsCriteria] ([PermissionID], [PermissionName], [ViewOrder], [DisplayInPermissionManagement], [ModuleID]) VALUES (698, N'sdm.RegionManagement.view', 1, 1, 71)
INSERT [dbo].[PermissionsCriteria] ([PermissionID], [PermissionName], [ViewOrder], [DisplayInPermissionManagement], [ModuleID]) VALUES (699, N'sdm.RegionManagement.update', 1, 1, 71)
INSERT [dbo].[PermissionsCriteria] ([PermissionID], [PermissionName], [ViewOrder], [DisplayInPermissionManagement], [ModuleID]) VALUES (700, N'sdm.RegionManagement.approve', 1, 1, 71)





INSERT [dbo].[UserPrivilege] ([PermissionID], [RoleID], [UserID]) VALUES (673, 130, NULL)
INSERT [dbo].[UserPrivilege] ([PermissionID], [RoleID], [UserID]) VALUES (674, 130, NULL)
INSERT [dbo].[UserPrivilege] ([PermissionID], [RoleID], [UserID]) VALUES (675, 130, NULL)
INSERT [dbo].[UserPrivilege] ([PermissionID], [RoleID], [UserID]) VALUES (686, 130, NULL)
INSERT [dbo].[UserPrivilege] ([PermissionID], [RoleID], [UserID]) VALUES (687, 130, NULL)
INSERT [dbo].[UserPrivilege] ([PermissionID], [RoleID], [UserID]) VALUES (688, 130, NULL)
INSERT [dbo].[UserPrivilege] ([PermissionID], [RoleID], [UserID]) VALUES (693, 130, NULL)
INSERT [dbo].[UserPrivilege] ([PermissionID], [RoleID], [UserID]) VALUES (694, 130, NULL)
INSERT [dbo].[UserPrivilege] ([PermissionID], [RoleID], [UserID]) VALUES (695, 130, NULL)
INSERT [dbo].[UserPrivilege] ([PermissionID], [RoleID], [UserID]) VALUES (697, 130, NULL)
INSERT [dbo].[UserPrivilege] ([PermissionID], [RoleID], [UserID]) VALUES (698, 130, NULL)
INSERT [dbo].[UserPrivilege] ([PermissionID], [RoleID], [UserID]) VALUES (699, 130, NULL)
INSERT [dbo].[UserPrivilege] ([PermissionID], [RoleID], [UserID]) VALUES (676, 131, NULL)
INSERT [dbo].[UserPrivilege] ([PermissionID], [RoleID], [UserID]) VALUES (689, 131, NULL)
INSERT [dbo].[UserPrivilege] ([PermissionID], [RoleID], [UserID]) VALUES (696, 131, NULL)
INSERT [dbo].[UserPrivilege] ([PermissionID], [RoleID], [UserID]) VALUES (700, 131, NULL)

INSERT [dbo].[UserPrivilege] ([PermissionID], [RoleID], [UserID]) VALUES (690, 125, NULL)
INSERT [dbo].[UserPrivilege] ([PermissionID], [RoleID], [UserID]) VALUES (690, 126, NULL)
INSERT [dbo].[UserPrivilege] ([PermissionID], [RoleID], [UserID]) VALUES (690, 127, NULL)

INSERT [dbo].[UserPrivilege] ([PermissionID], [RoleID], [UserID]) VALUES (677, 129, NULL)
INSERT [dbo].[UserPrivilege] ([PermissionID], [RoleID], [UserID]) VALUES (678, 129, NULL)
INSERT [dbo].[UserPrivilege] ([PermissionID], [RoleID], [UserID]) VALUES (679, 129, NULL)
INSERT [dbo].[UserPrivilege] ([PermissionID], [RoleID], [UserID]) VALUES (680, 129, NULL)
INSERT [dbo].[UserPrivilege] ([PermissionID], [RoleID], [UserID]) VALUES (681, 129, NULL)
INSERT [dbo].[UserPrivilege] ([PermissionID], [RoleID], [UserID]) VALUES (682, 129, NULL)
INSERT [dbo].[UserPrivilege] ([PermissionID], [RoleID], [UserID]) VALUES (683, 129, NULL)
INSERT [dbo].[UserPrivilege] ([PermissionID], [RoleID], [UserID]) VALUES (684, 129, NULL)
INSERT [dbo].[UserPrivilege] ([PermissionID], [RoleID], [UserID]) VALUES (685, 129, NULL)

INSERT [dbo].[UserPrivilege] ([PermissionID], [RoleID], [UserID]) VALUES (677, 128, NULL)
INSERT [dbo].[UserPrivilege] ([PermissionID], [RoleID], [UserID]) VALUES (678, 128, NULL)
INSERT [dbo].[UserPrivilege] ([PermissionID], [RoleID], [UserID]) VALUES (679, 128, NULL)
INSERT [dbo].[UserPrivilege] ([PermissionID], [RoleID], [UserID]) VALUES (680, 128, NULL)
INSERT [dbo].[UserPrivilege] ([PermissionID], [RoleID], [UserID]) VALUES (681, 128, NULL)
INSERT [dbo].[UserPrivilege] ([PermissionID], [RoleID], [UserID]) VALUES (682, 128, NULL)
INSERT [dbo].[UserPrivilege] ([PermissionID], [RoleID], [UserID]) VALUES (683, 128, NULL)
INSERT [dbo].[UserPrivilege] ([PermissionID], [RoleID], [UserID]) VALUES (684, 128, NULL)
INSERT [dbo].[UserPrivilege] ([PermissionID], [RoleID], [UserID]) VALUES (685, 128, NULL)

INSERT [dbo].[UserPrivilege] ([PermissionID], [RoleID], [UserID]) VALUES (677, 127, NULL)
INSERT [dbo].[UserPrivilege] ([PermissionID], [RoleID], [UserID]) VALUES (678, 127, NULL)
INSERT [dbo].[UserPrivilege] ([PermissionID], [RoleID], [UserID]) VALUES (679, 127, NULL)
INSERT [dbo].[UserPrivilege] ([PermissionID], [RoleID], [UserID]) VALUES (680, 127, NULL)
INSERT [dbo].[UserPrivilege] ([PermissionID], [RoleID], [UserID]) VALUES (681, 127, NULL)
INSERT [dbo].[UserPrivilege] ([PermissionID], [RoleID], [UserID]) VALUES (682, 127, NULL)
INSERT [dbo].[UserPrivilege] ([PermissionID], [RoleID], [UserID]) VALUES (683, 127, NULL)
INSERT [dbo].[UserPrivilege] ([PermissionID], [RoleID], [UserID]) VALUES (684, 127, NULL)
INSERT [dbo].[UserPrivilege] ([PermissionID], [RoleID], [UserID]) VALUES (685, 127, NULL)

INSERT [dbo].[UserPrivilege] ([PermissionID], [RoleID], [UserID]) VALUES (684, NULL, 8747)---> only BSSO_USER1 See Detailed Token Report(Permission)

INSERT [dbo].[UserPrivilege] ([PermissionID], [RoleID], [UserID]) VALUES (673, 130, NULL)
INSERT [dbo].[UserPrivilege] ([PermissionID], [RoleID], [UserID]) VALUES (674, 130, NULL)
INSERT [dbo].[UserPrivilege] ([PermissionID], [RoleID], [UserID]) VALUES (675, 130, NULL)

INSERT [dbo].[UserPrivilege] ([PermissionID], [RoleID], [UserID]) VALUES (673, 131, NULL)
INSERT [dbo].[UserPrivilege] ([PermissionID], [RoleID], [UserID]) VALUES (674, 131, NULL)
INSERT [dbo].[UserPrivilege] ([PermissionID], [RoleID], [UserID]) VALUES (675, 131, NULL)
INSERT [dbo].[UserPrivilege] ([PermissionID], [RoleID], [UserID]) VALUES (676, 131, NULL)

INSERT [dbo].[UserPrivilege] ([PermissionID], [RoleID], [UserID]) VALUES (686, 130, NULL)
INSERT [dbo].[UserPrivilege] ([PermissionID], [RoleID], [UserID]) VALUES (687, 130, NULL)
INSERT [dbo].[UserPrivilege] ([PermissionID], [RoleID], [UserID]) VALUES (688, 130, NULL)

INSERT [dbo].[UserPrivilege] ([PermissionID], [RoleID], [UserID]) VALUES (686, 131, NULL)
INSERT [dbo].[UserPrivilege] ([PermissionID], [RoleID], [UserID]) VALUES (687, 131, NULL)
INSERT [dbo].[UserPrivilege] ([PermissionID], [RoleID], [UserID]) VALUES (688, 131, NULL)
INSERT [dbo].[UserPrivilege] ([PermissionID], [RoleID], [UserID]) VALUES (689, 131, NULL)

INSERT [dbo].[UserPrivilege] ([PermissionID], [RoleID], [UserID]) VALUES (693, 130, NULL)
INSERT [dbo].[UserPrivilege] ([PermissionID], [RoleID], [UserID]) VALUES (694, 130, NULL)
INSERT [dbo].[UserPrivilege] ([PermissionID], [RoleID], [UserID]) VALUES (695, 130, NULL)

INSERT [dbo].[UserPrivilege] ([PermissionID], [RoleID], [UserID]) VALUES (693, 131, NULL)
INSERT [dbo].[UserPrivilege] ([PermissionID], [RoleID], [UserID]) VALUES (694, 131, NULL)
INSERT [dbo].[UserPrivilege] ([PermissionID], [RoleID], [UserID]) VALUES (695, 131, NULL)
INSERT [dbo].[UserPrivilege] ([PermissionID], [RoleID], [UserID]) VALUES (696, 131, NULL)

INSERT [dbo].[UserPrivilege] ([PermissionID], [RoleID], [UserID]) VALUES (697, 130, NULL)
INSERT [dbo].[UserPrivilege] ([PermissionID], [RoleID], [UserID]) VALUES (698, 130, NULL)
INSERT [dbo].[UserPrivilege] ([PermissionID], [RoleID], [UserID]) VALUES (699, 130, NULL)

INSERT [dbo].[UserPrivilege] ([PermissionID], [RoleID], [UserID]) VALUES (697, 131, NULL)
INSERT [dbo].[UserPrivilege] ([PermissionID], [RoleID], [UserID]) VALUES (698, 131, NULL)
INSERT [dbo].[UserPrivilege] ([PermissionID], [RoleID], [UserID]) VALUES (699, 131, NULL)
INSERT [dbo].[UserPrivilege] ([PermissionID], [RoleID], [UserID]) VALUES (700, 131, NULL)










INSERT [dbo].[Roles] ([RoleName]) VALUES (N'Back-office Admin')-----124(p_K)
INSERT [dbo].[Roles] ([RoleName]) VALUES (N'BSSO Officer')-----125
INSERT [dbo].[Roles] ([RoleName]) VALUES (N'CCSO Officer')-----126
INSERT [dbo].[Roles] ([RoleName]) VALUES (N'Branch Manager')-----127
INSERT [dbo].[Roles] ([RoleName]) VALUES (N'Regional Manager')-----128
INSERT [dbo].[Roles] ([RoleName]) VALUES (N'Head of SME')-----129
INSERT [dbo].[Roles] ([RoleName]) VALUES (N'Office-Maker')-----130
INSERT [dbo].[Roles] ([RoleName]) VALUES (N'Office-Checker')-----131




















































